name,Internal Reference,Sales Price,categ_id/name,description,type,detailed_type,qty_available
# 7.5 Stopper drilled,774230V,1.75,Homebrew,,product,product,15
"#10 Stopper, Drilled",4980539,3.49,Homebrew,,product,product,8
"#10 Stopper, Solid",632432759142,3.49,Homebrew,,product,product,4
#2 Filter Pad (Large),1671934,6.0,Homebrew,,product,product,4
#3 Filter Pad (Large),905050C,6.0,Homebrew,The #3 Filter Pad (Large) is the perfect choice for home bre,product,product,9
"#5.5 Stopper, Drilled",H287200,1.25,Homebrew,,product,product,0
"#6 Stopper, Solid",5404256,1.25,Homebrew,,product,product,2
"#6.5 Stopper, Drilled",632432759159,1.25,Homebrew,,product,product,8
"#6.5 Stopper, Solid",4027138,1.25,Homebrew,,product,product,0
"#7 Stopper, Drilled",213080Y,1.49,Homebrew,,product,product,15
"#7 Stopper, Solid",5827564,1.49,Homebrew,"The #7 Stopper, Solid, is a must-have for homebrewers. With",product,product,0
"#8.5 Stopper, Drilled",R425909,2.49,Homebrew,,product,product,0
1 Gal Jug Clear,622711000362,8.99,Homebrew,,product,product,0
"1.5"" Tri-Clamp",6249287,14.99,Homebrew,,product,product,4
"1.5"" Tri-Clamp Clamp",N963461,6.99,Homebrew,,product,product,0
"1.5"" Tri-Clamp Gasket",Z487939,1.49,Homebrew,,product,product,0
"1.5"" Tri-Clamp Thermwell",561596B,24.0,Homebrew,,product,product,0
"1.5"" Tri-Clamp x 1/2"" Barb",955763S,15.99,Homebrew,,product,product,0
"1.5"" Tri-Clamp x 1/2"" MPT",426500D,14.99,Homebrew,,product,product,0
"1.5"" Tri-Clamp x 3/4"" Barb",G208783,18.0,Homebrew,,product,product,0
"1.5"" Tric-Clamp x 1/2"" FPT",9868230,14.99,Homebrew,,product,product,0
"1.5"" Tric-Clamp x 3/8"" MPT",717605Q,14.99,Homebrew,,product,product,0
1/2 Gallon Glass,5350370,3.99,Homebrew,,product,product,16
"1/2"" MPT Oxygen Stone, 2 Micron",8814609,14.99,Homebrew,,product,product,1
"1/2"" OD, 3/8” ID High temp Silicone Hose",8950507,1.0,Homebrew,,product,product,0
"1/2” OD, 3/8"" ID Siphon Hose",591753Z,0.85,Homebrew,,product,product,0
"1/2"" Silicone Washer",3210941,1.5,Homebrew,,product,product,0
10” Plastic Hydrometer Testing Jar,8530396,4.99,Homebrew,,product,product,1
10” x 23” Nylon Straining Bag Small Coarse,888690047228,4.99,Homebrew,,product,product,0
"10” x 23” Small Nylon Straining Bag, Fine",888690047242,6.49,Homebrew,,product,product,0
12” Plastic Hydrometer Test Jar One-Piece,825392009208,4.99,Homebrew,,product,product,0
14” Hydrometer Testing Jar,K757691,5.99,Homebrew,,product,product,19
18” Plastic Paddle,Z243761,4.99,Homebrew,,product,product,0
"18” x 32” Straining bag, Nylon Jumbo",888690047266,8.99,Homebrew,,product,product,0
2 Gallon Bucket,Y616628,7.99,Homebrew,,product,product,2
2 in 1 Tool for Shrink Cap Bottling,825392000106,2.59,Homebrew,,product,product,3
2 Row Brewer’s Malt 2L Bag 50lb,818571D,59.99,Homebrew,,product,product,0
2 Row Malt,3002,1.5,Homebrew,,product,product,0
"2-Row Brewer’s Malt, Crushed, 50 lb",6897980,51.0,Homebrew,,product,product,3
24 Hour Turbo Yeast Fermfast 260g Packet of Distillers Yeast,324187D,7.99,Homebrew,,product,product,2
"24 inch Spoon, plastic",10089875,5.99,Homebrew,,product,product,0
24x26 Brew in a Bag w/ handles,888690047181,13.99,Homebrew,,product,product,0
"24x26 Brew in A Bag, no handles",888690047204,9.99,Homebrew,,product,product,4
"28 inch paddle, plastic",12345679,6.99,Homebrew,,product,product,2
28” Plastic Spoon,R781786,4.99,Homebrew,,product,product,2
28mm Metal Screw Caps,9474991,0.25,Homebrew,These 28 mm caps will seal our Screw finish wine bottles. Th,product,product,77
28mm Polyseal Caps,252326X,1.0,Homebrew,,product,product,18
"3/16"" Beer Line",547654Y,0.9,Homebrew,,product,product,29
38 mm Metal Screw Caps,488227Z,0.3,Homebrew,,product,product,897
38 mm Screw Cap w/hole for gallon jug,2827256,0.99,Homebrew,,product,product,10
38mm Polyseal Caps,268976V,0.99,Homebrew,,product,product,93
4” Funnel,J427498,0.99,Homebrew,,product,product,1
5 gal. Brew Kettle,825392000069,32.99,Homebrew,,product,product,0
"5 Gal. Keg, Ball lock, used",10081985,59.99,Homebrew,,product,product,0
5/16 Beer Line,284560F,1.25,Homebrew,,product,product,49
"5/16"" Red Beer Hose",4527535,1.0,Homebrew,,product,product,50
6 Pack Beer Bottle Carrier,692341V,2.49,Homebrew,,product,product,9
6 pk Beer Carrier - Bravo,261378B,4.49,Homebrew,,product,product,6
6.5 Gallon Glass Home Brewing Carboy Handles Heavy Duty Steel Rubber Coating,825392012918,7.99,Homebrew,,product,product,1
"750 ml Bottle, Clear, Flat, Corkable, 12ct",843200145849,23.99,Homebrew,,product,product,0
"750 ml Wine Bottle, Green, Corkable, Flat 12ct",610523A,23.99,Homebrew,,product,product,0
"750ml Wine Bottle, Clear, Screwtop, Flat, 12ct",2,29.99,Homebrew,,product,product,0
"750ml Wine Bottle, Clear, Screwtop, Flat, 12ct",5307198,2.99,Homebrew,,product,product,5
8 x 1-3/4 First Quality Straight Wine Corks 100/Bag,K148082,17.95,Homebrew,These 8 x 1-3/4 first-quality straight wine corks are design,product,product,0
8.5 Gallon Brewmaster Kettle,4307223,59.99,Homebrew,,product,product,0
8x1 3/4 First Quality Straight Wine Corks 44 x 22mm 30/Bag,4767705,5.99,Homebrew,,product,product,3
AC Infinity Aluminum Duct Tape Yard Professional Grade Heavy-Duty HVAC Foil Tape for Sealing ing or Repairing Ducting and Pipes,819137021358,9.99,Homebrew,,product,product,2
Acid Blend 2 oz.,888690161207,2.49,Homebrew,,product,product,0
"Acid Blend, 8 oz",888690261204,5.99,Homebrew,,product,product,0
Acidulated Malt,3016,0.22,Homebrew,,product,product,66
"Air Filter Sanitary 1/4"" HEPA Type for Aeration of Worts or Air Pressure Racking",888690049840,2.99,Homebrew,,product,product,4
Airlock Brush,8571301,3.99,Homebrew,,product,product,1
"Airlock, 3 Piece",825392000014,1.99,Homebrew,,product,product,0
All the Bretts Omega Yeast,R340168,11.49,Homebrew,,product,product,0
Almond Brewer's Best Natural Flavoring 4 oz,888690037946,5.99,Homebrew,,product,product,0
Amaretto Liquor Quik Essence,777155152105,6.0,Homebrew,,product,product,8
"American Oak Chips, 4 oz.",888690163409,2.99,Homebrew,,product,product,1
"American Pale Ale Brewing Kit, 1 gallon with equipment",BK-APA,49.99,Homebrew,"American pale ale home beer brewing kit makes a crisp, hoppy",product,product,1
American Sour Beers,9781938469114,19.95,Homebrew,,product,product,1
Amylase Enzyme 1oz.,888690061002,2.99,Homebrew,,product,product,8
"Amylase Enzyme, 1 lb",888690161009,13.99,Homebrew,,product,product,1
Annatto Cheese Coloring,815679000158,4.95,Homebrew,,product,product,2
Apricot Brewer’s Best Natural Flavoring 4 oz,888690337008,5.99,Homebrew,,product,product,0
Ascorbic Acid 1 lb,888690261303,24.99,Homebrew,,product,product,0
Ascorbic Acid 1 oz,W259160,2.99,Homebrew,,product,product,2
Aurora Amber by Brewmaster Beer Ingredient Kit Makes 5 Gal,4607592,42.99,Homebrew,,product,product,0
B.S. Remover,682500998614,6.5,Homebrew,,product,product,0
Baird’s Crystal 50/60L,9627465,0.22,Homebrew,,product,product,64
Banana Brewers Best Natural flavoring 4oz,888690037052,5.99,Homebrew,,product,product,0
Baster for sampling,825392000304,6.99,Homebrew,,product,product,0
Beaker - 150 ml,843200120303,6.99,Homebrew,,product,product,0
Beer Bottle Brush,K705408,3.99,Homebrew,,product,product,0
"Beer Bottles, 22 oz, 12 ct",T947094,15.99,Homebrew,,product,product,3
Beer dispensing Unit (BallL),622711000355,21.99,Homebrew,,product,product,0
"Beer Equipment Kit, Basic 5 Gal.",888690010000,99.99,Homebrew,,product,product,0
Beer Faucet Cap,X179653,0.75,Homebrew,,product,product,1
"Beer Faucet, Standard R",8906016672038,22.0,Homebrew,,product,product,4
"Beer Line Cleaner 4 oz,",362814G,4.5,Homebrew,,product,product,1
"Bentonite, 8 oz",888690161504,3.99,Homebrew,,product,product,2
"Beta Glucanase, 1 oz",888690061057,2.99,Homebrew,,product,product,1
Birch Beer Cascade,C229743,11.99,Homebrew,,product,product,4
Biscuit Malt,3023,0.2,Homebrew,,product,product,340
Black Currant Brewers Best Natural flavoring,888690037113,5.99,Homebrew,,product,product,1
"Black Liquid QD, 1/4 barb, Ball Lock",9341779,4.99,Homebrew,,product,product,2
"Black Liquid QD, MFL",7696995,4.99,Homebrew,,product,product,4
Black Patent Malt,3019,0.2,Homebrew,,product,product,0
Black PVC Shrink Capsules 30 ct,888690145856,3.99,Homebrew,,product,product,0
Blonde Ale by Brewmaster Beer Ingredient Kit Makes 5 Gal,878383R,35.99,Homebrew,,product,product,1
Blueberry Brewers Best Natural flavoring 4oz,579309M,5.99,Homebrew,,product,product,1
"Bonide Captain Jack S Neem Max, 32 oz Ready-to-Use Spray Cold Pressed Neem Oil, Multi-Purpose Insecticide, Fungicide",1723391,14.99,Homebrew,,product,product,2
Bonide Captain Jack’s Dead Bug Dust 1.5 lb,N995855,9.99,Homebrew,,product,product,0
Bonide Captain Jack's Deadbug Brew 32oz,940157G,39.99,Homebrew,,product,product,0
Bonide Captain Jack's Deadbug Brew Ready-to-Use Spray,P100688,11.99,Homebrew,,product,product,6
Bottle Capper,825392012833,19.99,Homebrew,,product,product,1
"Bottle Caps, Crown 144ct",1626954,4.99,Homebrew,,product,product,4
"Bottle Caps, Crown 144ct",888690042032,4.99,Homebrew,,product,product,0
"Bottle Caps, Crown 144ct",888690042131,4.99,Homebrew,,product,product,2
"Bottle Caps, Crown 144ct",888690042230,4.99,Homebrew,,product,product,2
"Bottle Caps, Crown 144ct",888690042278,4.99,Homebrew,,product,product,0
"Bottle Caps, Crown 144ct",888690042438,4.99,Homebrew,,product,product,0
"Bottle Caps, Crown 144ct",888690042476,4.99,Homebrew,,product,product,0
"Bottle Caps, Crown 144ct",888690042575,4.99,Homebrew,,product,product,0
"Bottle Caps, Crown 144ct",888690042674,4.99,Homebrew,,product,product,0
"Bottle Caps, Crown 144ct",888690042704,4.99,Homebrew,,product,product,4
"Bottle Caps, Crown 144ct",888690042773,4.99,Homebrew,,product,product,0
"Bottle Caps, Crown 144ct",888690042933,4.99,Homebrew,,product,product,0
Bottle Filler,1316128,3.99,Homebrew,,product,product,5
Bottle Seal Wax Beads,V052137,15.95,Homebrew,,product,product,3
Bottle Seal Wax Beads,Y140067,15.95,Homebrew,,product,product,1
"Bottle, Swing top, Amber 16 oz",843200118324,34.99,Homebrew,,product,product,0
"Bottle, Swing top, Clear 16 oz",6351846,3.29,Homebrew,,product,product,0
"Bottle, Swing top, Clear 16 oz",8 88690 05243 7,34.99,Homebrew,,product,product,0
"Bottle, Swing-top, 34 oz Clear",8 88690 05225 3,45.99,Homebrew,,product,product,0
"Bottle, Swing-top, 34 oz Clear",843200118409,3.99,Homebrew,,product,product,0
"Bottle, Swing-top, 34oz Amber",888690052277,47.99,Homebrew,,product,product,0
"Bottle, Swing-top, 34oz Amber",S332981,4.99,Homebrew,,product,product,12
Brewer S Best Natural Beer and Wine Fruit Flavoring (Espresso Bean),419646N,5.99,Homebrew,,product,product,0
Brewer S Best Natural Beer and Wine Fruit Flavoring (Mango),344806V,5.99,Homebrew,,product,product,2
Brewer's BEAST homebrewing equipment kit,7190932,179.99,Homebrew,,product,product,0
Brewer’s Best 6.5 Gallon Bottling Bucket,888690051003,14.99,Homebrew,,product,product,0
Brewer’s Best 6.5 Gallon Fermenting Bucket,888690051041,13.99,Homebrew,,product,product,0
Brewer’s Best 7.9 Gallon Bottling Bucket,888690051164,22.99,Homebrew,,product,product,8
Brewer’s Best 7.9 Gallon Fermenting Bucket,888690051157,19.99,Homebrew,,product,product,4
Brewer’s Best Bitter Orange Peel 1 oz,888690024038,2.99,Homebrew,,product,product,0
Brewer’s Best Juniper Berries 1 oz,888690024137,3.99,Homebrew,,product,product,0
Brewer's Best Natural Beer and Wine Flavoring (Apple),W213775,5.99,Homebrew,,product,product,0
"Brewer’s Best Natural Flavorings, 4 oz (Blackberry)",126206Q,5.99,Homebrew,,product,product,0
Brewers Ale/Beer pH strips,888690054165,7.99,Homebrew,,product,product,7
Brewers Best Flavoring Extract Grape,385669Y,5.99,Homebrew,,product,product,2
Brewers Best Hibiscus Flower,598796Z,5.99,Homebrew,,product,product,0
Brewers Sea Salt 1oz,888690124394,1.0,Homebrew,,product,product,4
Brewing with Wheat by Stan Hieronymus,M651109,17.95,Homebrew,,product,product,3
Brewmaster - Sweet Orange Peel,N906115,2.99,Homebrew,,product,product,0
Brewmaster Blue Juniper Berries - Whole,6598050,2.49,Homebrew,,product,product,3
Brewmaster EC-1118 wine yeast,730992F,1.49,Homebrew,The Brewmaster EC-1118 wine yeast is a versatile and reliabl,product,product,11
Brewmaster Sorghum Extract 3 lb,685826065541,15.99,Homebrew,,product,product,2
Brewzilla 35L 220v Gen 3,9388866605821,489.99,Homebrew,,product,product,0
Brewzilla 35L Gen 4,9388866604763,599.99,Homebrew,,product,product,0
Brewzilla 35L Gen3,F865260,399.99,Homebrew,,product,product,0
Brewzilla Chiller connector kit,9388866617114,14.99,Homebrew,,product,product,0
Briess Caramel 60L 10 lb,888690219250,24.99,Homebrew,,product,product,0
Briess Carapils 10 lb,888690219267,24.99,Homebrew,,product,product,5
Briess CBW Bavarian Wheat DME 1 lb,888690117952,7.49,Homebrew,,product,product,6
Briess CBW Bavarian Wheat DME 3 lb,888690217959,16.99,Homebrew,,product,product,8
Briess CBW Bavarian Wheat LME 3.3 lb,685826052800,14.99,Homebrew,,product,product,7
Briess CBW Golden Light DME 1 lb,888690117969,7.49,Homebrew,,product,product,4
Briess CBW Golden Light DME 3 lb,888690217966,16.99,Homebrew,,product,product,8
Briess CBW Golden Light LME 3.3 lb,685826052749,14.99,Homebrew,,product,product,3
Briess CBW Munich LME 3.3 lb,685826064377,14.99,Homebrew,,product,product,2
Briess CBW Pale Ale LME 3.3 lbs,685826070316,14.99,Homebrew,,product,product,2
Briess CBW Pale Ale Malt DME 1 lb,888690117921,7.49,Homebrew,,product,product,4
Briess CBW Pale Ale Malt DME 3 lb,888690217928,16.99,Homebrew,,product,product,1
Briess CBW Pilsen DME 1 lb,888690117938,7.49,Homebrew,,product,product,4
Briess CBW Pilsen DME 3 lb,8065655,16.99,Homebrew,,product,product,5
Briess CBW Pilsen Light LME 3.3 lb,685826052725,14.99,Homebrew,,product,product,3
Briess CBW Sparkling Amber DME 3 lb,888690217973,16.99,Homebrew,,product,product,0
Briess CBW Sparkling Amber DME 1 lb,8 88690 11797 6,7.49,Homebrew,,product,product,5
Briess CBW Traditional Dark DME 1 lb,888690117945,7.49,Homebrew,,product,product,4
Briess CBW Traditional Dark DME 3 lb,888690217942,16.99,Homebrew,,product,product,3
Briess CBW Traditional Dark LME 3.3 lb,685826052763,14.99,Homebrew,,product,product,3
BRIESS CBW® Sparkling Amber LME 3.3 lb,685826052787,14.99,Homebrew,,product,product,3
Briess DME - Bavarian Wheat 1 lb,9274901,7.49,Homebrew,,product,product,2
Briess DME - Bavarian Wheat 3 lb,E846124,16.99,Homebrew,,product,product,1
Briess DME - Golden Light 1 lb,G898383,7.49,Homebrew,,product,product,0
Briess DME - Golden Light 3 lb,M994812,16.99,Homebrew,,product,product,1
Briess DME - Pilsen Light 3 lb,9722711,16.99,Homebrew,,product,product,1
Briess DME Pale Ale 1 lb,356698Q,7.49,Homebrew,,product,product,0
Briess DME Pale Ale 3 lb,481917Z,16.99,Homebrew,,product,product,1
Briess Maltoferm 10001 Organic Dry Malt Extract 1 lb,888690117990,6.99,Homebrew,,product,product,5
Briessweet White Grain Sorghum Gluten -Free Syrup 3.3 lb,6671318,16.99,Homebrew,,product,product,1
"Bru-1 Hop Pellets, 1 oz bag",58625,2.99,Homebrew,,product,product,6
Brutzyme 1 oz,843200140363,24.99,Homebrew,,product,product,2
"BTF Iodophor, 4 oz.",V775316,4.99,Homebrew,,product,product,1
Burton Water Salts 1/3 oz,888690161023,1.99,Homebrew,,product,product,2
Butterscotch Brewers Best Natural flavoring 4oz,460943E,5.99,Homebrew,,product,product,0
Cabernet Sauvignon Adhesive Wine Bottle Labels,888690043589,3.99,Homebrew,,product,product,1
"Cacao Nibs, 4 oz.",888690024311,7.99,Homebrew,,product,product,2
Calcium Carbonate 1lb,888690161603,4.99,Homebrew,,product,product,4
Calcium Carbonate 2oz,888690061606,1.99,Homebrew,,product,product,4
Calcium Chloride 1lb,888690261037,5.99,Homebrew,,product,product,3
Calcium Chloride 2 oz,888690161030,2.0,Homebrew,,product,product,2
California Moscato Classic Wine Kit Makes 6 Gallons by Winexpert,G457657,94.99,Homebrew,,product,product,1
Campden Tablets 100 Ct,888690060036,3.99,Homebrew,,product,product,4
"Campden Tablets, 1 lb",888690160040,15.99,Homebrew,,product,product,0
"Captain Jack’s Fruit Tree Insect & Disease Control, Qt. Concentrate",037321020035,47.8,Homebrew,,product,product,3
"Captain Jack's Neem Max, 16 oz conc",037321000266,26.99,Homebrew,,product,product,0
CaraBrown Malt,V026542,0.2,Homebrew,,product,product,50
Carafa III Malt,3015,0.22,Homebrew,,product,product,80
CaraFoam malt,384102C,0.2,Homebrew,,product,product,96
CaraPils Malt,3007,0.2,Homebrew,,product,product,0
CaraRye Malt,K655038,0.2,Homebrew,,product,product,50
Carba Cap,799975490113,17.99,Homebrew,,product,product,2
Carbonation Tablets 54ea,888690019874,5.99,Homebrew,,product,product,5
Carboy Brush,825392000908,6.99,Homebrew,,product,product,1
"Carboy Brush, Plastic (Red)",Q583720,7.99,Homebrew,,product,product,2
Carboy Cap 5 gal,825392012000,3.99,Homebrew,,product,product,0
Cardamon Seed 1oz.,888690024090,7.25,Homebrew,,product,product,2
Cashmere Whole Cone Hops - 8 oz Bag,2023075,16.99,Homebrew,,product,product,0
Cellar Science Citric Acid (2 oz),Y955878,2.99,Homebrew,,product,product,2
Cellar Science Malic Acid (2 oz),843200100916,2.99,Homebrew,,product,product,2
"Cellar Science Pectic Enzyme, 1 oz",L901271,2.99,Homebrew,,product,product,1
Cellarscience - Ad343 Go-Ferm Protect Evolution,473601G,2.99,Homebrew,,product,product,2
Cellarscience-AD343A Go-Ferm Protect Evolution,346116D,9.99,Homebrew,,product,product,0
Centennial Cryo Hops Hop Pellets 1 oz,840672109942,6.99,Homebrew,,product,product,4
Centennial Hop Pellets- 1 lb Bag,T203745,24.99,Homebrew,,product,product,0
Centennial Whole Cone Hops - 8 oz Bag,386785L,16.99,Homebrew,,product,product,0
"Ceramic Fermenter, 5L",T089412,149.99,Homebrew,,product,product,1
Champagne Wires (12),K026211,1.25,Homebrew,,product,product,0
"Cheesecloth 36"" x 36""",888690047280,4.99,Homebrew,,product,product,2
Cherry Brewers Best Natural Flavoring 4oz,888690337084,5.99,Homebrew,,product,product,0
Cherry Wood Smoked Malt,D240679,0.22,Homebrew,,product,product,72
Chicory Root 1 oz,888690024304,2.15,Homebrew,,product,product,3
Chocolate Brewers Best natural flavoring 4oz,8 88690 33710 7,5.99,Homebrew,,product,product,1
Chocolate Malt,3024,0.2,Homebrew,,product,product,0
Chocolate Wheat Malt,G389124,0.22,Homebrew,,product,product,44
Cider House Dry Yeast,888690223608,4.99,Homebrew,,product,product,0
"Cider: Making, Using & Enjoying Sweet & Hard Cider, 3rd Edition by Lew Nichols",Y400243,14.95,Homebrew,,product,product,1
Citra Cryo Hops 1oz,840672100741,6.99,Homebrew,,product,product,0
Citra Smash Session Pale Ale by Brewmaster Beer Ingredient Kit Makes 5 Gal,119325S,47.99,Homebrew,,product,product,0
Citric Acid 1 lb,888690261709,9.99,Homebrew,,product,product,0
Citric Acid 2oz,888690061705,1.99,Homebrew,,product,product,4
Classic California Shiraz Wine Ingredient Kit 8L,629181082768,89.99,Homebrew,,product,product,0
Classic California White Zinfandel Wine Ingredient Kit 8L,629181082812,94.99,Homebrew,,product,product,1
Classic Chilean Cabernet Sauvignon Wine Ingredient Kit 8L,629181082621,99.99,Homebrew,,product,product,1
Classic Chilean Sauvignon Blanc Wine Ingredient Kit - Winexpert,629181082751,88.99,Homebrew,,product,product,0
Clearzyme 1 oz,843200140271,24.99,Homebrew,,product,product,4
"CloneBrews, 2nd Edition: Recipes for 200 Commercial Beers by Tess Szamatulski",483323F,19.95,Homebrew,,product,product,1
Clouds of Haze Hazy/Juice Double IPA by Brewmaster Beer Ingredient Kit Makes 5 Gal,N267186,78.99,Homebrew,,product,product,0
Co2 Cornelius Keg Charger,403804A,19.99,Homebrew,,product,product,0
CO2 Offset Wrench,632432759098,5.99,Homebrew,,product,product,5
"Coconut Flavoring , 4 oz",579944Q,5.99,Homebrew,,product,product,0
"Coffee Beans, Brazil Minas Gerais",490824B,5.99,Homebrew,,product,product,0
"Coffee Beans, Java, Indonesia",A621410,8.99,Homebrew,,product,product,0
"Coffee Beans, La Pastora Tarrazu, Costa Rica",501843J,8.99,Homebrew,,product,product,0
"Coffee Beans, Romella, Costa Rica",295295X,7.5,Homebrew,,product,product,0
"Coffee Beans, Sumatra, Indonesian",377855M,9.5,Homebrew,,product,product,0
Complete Kombucha Brewing Starter Kit – Classic,KK111,42.99,Homebrew,COMPLETE ORGANIC KOMBUCHA KIT -THE COMPLETE ORGANIC KOMBUCHA,product,product,0
Concord Wine Adhesive Wine Bottle Labels,888690041608,3.99,Homebrew,,product,product,0
Copper Mesh Roll,888690046849,15.99,Homebrew,,product,product,0
Copper Scrubby,579388A,2.0,Homebrew,,product,product,0
Coriander Seed 1oz.,888690024045,2.5,Homebrew,,product,product,0
Cork 8 x 1 3/4,888690040649,0.2,Homebrew,,product,product,393
"Corker, Easy Double Lever Corker",812075020322,29.99,Homebrew,,product,product,0
"Corker, Ferrari Easy Double Lever",8006818177035,32.99,Homebrew,,product,product,0
Corks 9x1 1/2 30 ct,888690040625,5.99,Homebrew,,product,product,0
"Corn Sugar, 50 lb",562533N,89.99,Homebrew,,product,product,0
Corny Keg Hand Pump,653662000163,39.99,Homebrew,,product,product,2
Corny Keg Lid Secondary Ferm,632432759173,24.99,Homebrew,,product,product,0
Craft A Brew - GIN Kit - Botanical Blend - For DIY Home Brewing,4033904,24.99,Homebrew,,product,product,0
Craft A Brew - Hard Cider Kit - Beer Making Kit - Make Your Own Craft Beer - Complete Equipment and Supplies - Starter Home Brewing Kit,858267004411,49.99,Homebrew,,product,product,2
"Craft A Brew - Merlot Wine Making Kit, 1 gallon",2645505,0.0,Homebrew,,product,product,0
Craft A Brew | Chardonnay Wine Making Kit | 1 Gallon,Q855688,69.99,Homebrew,,product,product,1
Craft A Brew | Deluxe Homebrew Bottling Kit | 30+ Caps | Easy Bottling Set with 10 Empty 12oz. | Amber Glass Bottles | Capper | Essential Equipment for Fresh Beer Bottling,858267004305,39.99,Homebrew,This deluxe bottling kit comes with everything you need to b,product,product,1
Craft A Brew Mead Making Kit,850007773335,49.99,Homebrew,"Mead is the original fermented beverage, predating wine or b",product,product,2
Cranberry Brewers Best Natural Flavoring 4oz,888690337121,5.99,Homebrew,,product,product,1
Cream Ale by Brewmaster Beer Ingredient Kit Makes 5 gal,161786F,39.99,Homebrew,,product,product,0
Crottin Cheese Mold,J080904,8.0,Homebrew,,product,product,8
"Crown of Thorns - 4"" Pot",4_CROWN.OF.THORN_RED,14.99,Homebrew,Botanical Name: Euphorbia milii Common Names: Crown of Thor,product,product,4
Cryo Hops Lupuln2 Pellets Cascade1oz Beer Brewing Hop Pellets,840672100017,5.99,Homebrew,,product,product,0
Cryo Hops Simcoe Pellets 1oz,840672105722,6.99,Homebrew,,product,product,0
Cryo Hops® Cryo POPTM Tri 2304CR Blend Pellet Hops 1oz,840672110689,6.99,Homebrew,,product,product,0
"D-1 Simplicity Belgian Candi Syrup Clear, 16 oz",609613914287,7.49,Homebrew,,product,product,0
"D-180 Premium Extra Dark Belgain Candi Syrup, 16 oz.",609613914317,7.49,Homebrew,,product,product,0
"D-45 Amber Belgian Candi Syrup, 16 oz",609613914294,7.49,Homebrew,,product,product,0
D-5 Premium Golden Belgian Candi Syrup 16 oz,609788192077,7.49,Homebrew,,product,product,0
D-90 Dark Belgian Candi Syrup 16 oz,609613914300,7.49,Homebrew,,product,product,1
Dandelion Adhesive Wine Bottle Labels 30 ct,888690044074,3.99,Homebrew,,product,product,0
DAP 1 lb,843200100084,6.99,Homebrew,,product,product,0
DAP nutrient,843200100077,1.99,Homebrew,,product,product,0
Dark Star 2.0 Burner,81207502117,59.99,Homebrew,,product,product,0
"Dextrose, Corn Sugar 4lb",888690219908,12.99,Homebrew,,product,product,4
"Dextrose, Corn Sugar, 1 lb.",888690019898,3.49,Homebrew,,product,product,4
Diammonium Phosphate 2oz,888690163706,1.99,Homebrew,,product,product,9
Dip Tube Brush,670829W,6.95,Homebrew,,product,product,0
Distillers Yeast (Dady) (1 lb. Bulk Pack),G529063,9.99,Homebrew,,product,product,1
Dried Japones Chiles 2oz.,888690024427,3.95,Homebrew,,product,product,2
Dried Mugwort 1 oz,888690024199,2.99,Homebrew,,product,product,2
Dried Wormwood 1 oz,888690024175,2.99,Homebrew,,product,product,0
Drilled Universal Stopper (Fits Glass Carboy & 1 gal Glass Jug),Z626581,2.99,Homebrew,,product,product,8
Easin’ Into Cheesin’ Kit,Q713244,29.99,Homebrew,DIY FRESH CHEESE MAKING KIT -DIY FRESH CHEESE MAKING KIT INC,product,product,1
Easy Clean 5 lb,888690160194,19.99,Homebrew,,product,product,1
Easy Clean 8oz,888690060197,4.99,Homebrew,,product,product,4
"Easy Siphon 3/8"" x 26"" Racking Cane",825392006603,12.99,Homebrew,,product,product,2
Easy Turn Hose Clamp 1/2”,W170672,1.49,Homebrew,,product,product,5
Easy Turn Hose Clamp 3/4”,1377354,1.59,Homebrew,,product,product,0
Easy Turn Hose Clamp 5/8”,226001N,1.49,Homebrew,,product,product,0
"Elderberry Wine Base, Vintners Best 1 gal",888690039148,44.99,Homebrew,,product,product,0
Epsom Salt 2oz,843200116733,1.49,Homebrew,,product,product,5
Erlenmeyer Flask 5000ml,7118957,44.99,Homebrew,,product,product,1
amendments,$10.99	0,0.0,Homebrew,garden center > plant health > fertilizers,product,product,0
amendments,$10.99	1,0.0,Homebrew,garden center > plant health > fertilizers,product,product,0
Faucet and Hex Wrench,8906016671239,8.99,Homebrew,,product,product,2
Faucet Cleaning adapter,843200117358,7.99,Homebrew,,product,product,9
Fermaid K,843200100183,1.99,Homebrew,,product,product,0
Fermaid O,8221675,3.99,Homebrew,,product,product,1
Fermaid O,9271470,15.99,Homebrew,,product,product,0
Fermented Pickle Kit,843200145986,27.99,Homebrew,,product,product,0
Fermentis Safbrew HA-18 25 grams,3516664130016,11.99,Homebrew,,product,product,1
Fermentis Safbrew LD-20 25 grams,3516662240014,14.99,Homebrew,,product,product,1
Fermentis SAFcider Ab-1 Cider Yeast,Q563585,4.99,Homebrew,,product,product,0
FermFast 48hr Turbo 8.6oz,888690023000,7.99,Homebrew,,product,product,0
Fermfast Alpha-Amylase Enzyme 15 Gram,F409910,1.99,Homebrew,,product,product,4
FermFast DualFine,888690063839,2.99,Homebrew,,product,product,5
Fermfast Rum Turbo Yeast 107.5 g Packet,6514129,4.99,Homebrew,,product,product,2
FermFast Rum turbo Yeast 107.5g,382742S,0.0,Homebrew,,product,product,0
FermFast Whisky Yeast 1.05 oz,888690023093,4.99,Homebrew,,product,product,0
FermFed DAP Free 12g,843200125599,1.99,Homebrew,,product,product,0
FermFed Yeast Nutrient,843200125575,5.5,Homebrew,,product,product,0
Fermonster 3 gal,1178331,24.99,Homebrew,,product,product,1
Fermonster 6 Gallon,825392011409,36.99,Homebrew,,product,product,1
Fermonster Gasket,4771406,2.99,Homebrew,,product,product,7
Fermonster lid wrench,825392011485,3.99,Homebrew,,product,product,4
Ferrari Champagne Wires 100 ct,9346712,9.99,Homebrew,,product,product,0
Five Star 5.2 PH Stabilizer - 1 LBS,091037068712,15.95,Homebrew,,product,product,6
Five Star PBW 8fl oz,850028273258,14.99,Homebrew,,product,product,0
Five Star PBW Liquid (32 oz),850028273272,29.99,Homebrew,,product,product,0
Five Star PBW Tablet 12 ct,850028273036,10.99,Homebrew,,product,product,1
Five Star PBW Tablets,850028273043,19.99,Homebrew,,product,product,1
"Five Star PBW, 4 lb",091037068620,34.99,Homebrew,,product,product,0
Five Star StarSan 32 oz,091037068699,32.99,Homebrew,,product,product,0
Foam Control Drops,79068000871,6.99,Homebrew,,product,product,4
FoxFarm 1 Qt. Cultivation Nation PH Down,752289270147,25.99,Homebrew,,product,product,12
French Oak Chips Medium Toast 1 lb,888690263451,13.99,Homebrew,,product,product,2
French Toasted Oak Chips 4 oz,888690163454,4.99,Homebrew,,product,product,0
Fruit Flavor - Blackberry,6811048,9.99,Homebrew,,product,product,0
Fruit Flavorings - Strawberry 4 oz,P819578,5.99,Homebrew,,product,product,0
Fruit Flavorings -Peach 4 oz,9232110,5.99,Homebrew,,product,product,2
Fruit Flavorings- Blueberry (4 oz),4320212,5.99,Homebrew,,product,product,1
Fruit Wine Kit,WK-FRUIT,69.99,Homebrew,"Our Fruit Wine Kit transforms any fruit into a vibrant, deli",product,product,0
Fuggle Hop Pellets 1 oz Bag,888690120389,2.49,Homebrew,,product,product,6
Fuggles Pellet Hops 1 oz,N976127,2.99,Homebrew,,product,product,0
"Funnel 8"" with screen",463770M,7.99,Homebrew,,product,product,1
"Gamma Seal Lid, Black",769397140231,14.99,Homebrew,,product,product,0
"Gas QD 1/4"" Barb, Ball Lock",M223630,4.99,Homebrew,,product,product,4
"Gas QD MFL, Ball Lock",H968110,4.99,Homebrew,,product,product,2
Gauge 0-60 PSI RHT,642367097462,5.99,Homebrew,,product,product,1
Gelatin Finings 1 lb,6244278,9.99,Homebrew,,product,product,1
Gelatin Finings 1 oz,888690161047,1.99,Homebrew,,product,product,3
German Lager I Omega Yeast,F011088,13.49,Homebrew,,product,product,1
German Tettnang Hop Pellets 1 oz bag,888690120914,2.99,Homebrew,,product,product,0
Ginger Brewers Best Natural Flavoring 4oz,888690037359,5.99,Homebrew,,product,product,0
Ginger Root 1oz.,888690024069,2.99,Homebrew,,product,product,0
Glass Carboy 3 gallon,843200140622,42.99,Homebrew,,product,product,1
Glass Carboy 5 gallon,840270Q,49.99,Homebrew,,product,product,2
"Glass Carboy, 6 gal",819532J,52.99,Homebrew,,product,product,2
Glass Jar 1 Gal,2414979,9.99,Homebrew,,product,product,2
Glass Weight for Pickling,0000000550307,3.99,Homebrew,,product,product,1
Glucoamylase 1oz,888690061088,2.99,Homebrew,,product,product,4
"Glucoamylase Enzyme, 1 lb",888690161085,24.99,Homebrew,,product,product,2
Goat Cheese Kit,815679000202,24.95,Homebrew,,product,product,0
Graham Brewers Best Natural Flavoring 4oz,888690037823,0.0,Homebrew,,product,product,0
Grapefruit Brewers Best Natural Flavoring 4oz,888690037489,5.99,Homebrew,,product,product,0
Grapefruit Peel,888690024335,2.75,Homebrew,,product,product,1
Great Fermentations Omega Yeast OYL-404 Star Party,557453S,10.99,Homebrew,,product,product,0
"Growler Filler, R Faucet",E998493,8.0,Homebrew,,product,product,0
Guava Brewers Best Natural flavorings 4oz,888690037298,5.99,Homebrew,,product,product,1
Gypsum 2 oz,888690161061,1.99,Homebrew,,product,product,11
Habanero Brewers Best Natural flavoring 4oz,888690037519,5.99,Homebrew,,product,product,1
Hallertauer Mittelfruher Hops 1 lb,840672104688,29.99,Homebrew,,product,product,0
Hand Pump Keg Cleaner,825392012987,49.99,Homebrew,,product,product,0
Harris Professional Spray Bottle 32 oz,72725002195,3.5,Homebrew,,product,product,17
Hazelnut Brewers Best Natural Flavoring 4oz,888690037137,5.99,Homebrew,,product,product,0
Hearts on Hearts IPA by Brewmaster Beer Ingredient Kit Makes 5 Gal,765677A,49.99,Homebrew,,product,product,1
High Enzyme Distiller’s Malt,K157085,1.5,Homebrew,,product,product,20
High Pressure RH Thread Gauge,474559,9.95,Homebrew,,product,product,2
"Hirron Chiller, Counterflow",133652C,99.0,Homebrew,,product,product,1
Holiday Ale by Brewmaster Beer Ingredient Kit Makes 5 gal,610797X,40.99,Homebrew,,product,product,1
Home Brewing Starter Kit ? Craft A Brew Kombucha Tea Starter Kit ? Home Kombucha Kit ? Fermentation Starter With Kombucha Scoby ? 1 Gallon,858267004930,44.99,Homebrew,Kombucha is a fizzy fermented tea that’s jam packed with pro,product,product,0
Homegrown Hops,B530553,11.99,Homebrew,,product,product,0
Hop Sesh Session IPA by Brewmaster Beer Ingredient Kit Makes 5 Gal,853333H,54.99,Homebrew,,product,product,0
Hop Spider,8877303,29.99,Homebrew,,product,product,0
Hoppy Blonde Ale by Brewmaster Beer Ingredient Kit Makes 5 Gal,X512294,41.99,Homebrew,,product,product,0
HopShot Extract Blend 57% Cluster/43% Magnum,843200143982,9.99,Homebrew,,product,product,0
"Hose Clamp, Large",C104582,1.25,Homebrew,,product,product,0
"Hose Clamp, Small",G967016,1.0,Homebrew,,product,product,14
"Hot Cereal, 7 grain, Organic, War Eagle Mill",70015400362,7.99,Homebrew,"1 lb Organic 7 Grain Cereal from War Eagle Mill In Rogers, A",product,product,0
How to Brew: Everything You Need to Know to Brew Great Beer Every Time by John J. Palmer,Q870027,24.95,Homebrew,,product,product,0
How to Distill: A Complete Guide from Still Design and Fermentation Through Distilling and Aging Spirits (1558329757),9781558329751,28.99,Homebrew,,product,product,0
Hydrometer Beer & Wine Triple Scale,888690053502,5.99,Homebrew,,product,product,1
Incognito Yakima Valley Hops 20g,T053598,19.98,Homebrew,,product,product,1
Intertap SS Faucet,9388866600970,34.95,Homebrew,,product,product,1
Iodine Tincture 1oz,79068000864,4.99,Homebrew,,product,product,0
Irish Moss 1 oz.,888690161092,1.99,Homebrew,,product,product,4
Irish Moss 1lb,888690261099,15.99,Homebrew,,product,product,1
Jalapeno Brewers best Natural flavoring 4oz,888690037526,5.99,Homebrew,,product,product,0
Jun Kombucha Scoby,JKSC1,16.99,Homebrew,USDA CERTIFIED ORGANIC JUN KOMBUCHA LIVE STARTER CULTURE -US,product,product,2
Keg Co2 & Liquid Tube Gasket,6533091,0.25,Homebrew,,product,product,0
"Keg Coupler, European Snake",8906016677040,44.95,Homebrew,,product,product,0
Keg Dip Tube,970046C,11.95,Homebrew,,product,product,8
Keg floating Dip tube 5 gal,843200134539,8.99,Homebrew,,product,product,0
Keg Lid Gasket,407882N,1.75,Homebrew,,product,product,0
"Keg Lid, New",Z709433,19.99,Homebrew,,product,product,0
Keg Lube,653662000149,6.99,Homebrew,,product,product,3
Keg Post Conv Pin to Ball,843200114227,15.99,Homebrew,,product,product,0
"Keg Post Gasket, Ball Lock",1864551,0.35,Homebrew,,product,product,0
"Keg Post Gasket, Pin Lock",1458773,0.35,Homebrew,,product,product,0
Keg Pressure Relief,X629375,7.95,Homebrew,,product,product,0
"Keg Pump / Tap, 4""",8906016674858,50.0,Homebrew,,product,product,0
Key Lime Marg Mix,6895963,13.99,Homebrew,,product,product,6
Kick carrageenan,843200103856,3.99,Homebrew,,product,product,0
Kick Carrageenan Micro 10g,888690160019,2.99,Homebrew,,product,product,6
Kombucha 1 gal. Brew Kit,888690510012,32.99,Homebrew,,product,product,0
Komos First Aid Kit for Ball Lock Kegs,843200152311,29.99,Homebrew,,product,product,0
Kosmos Dual Gauge Regulator,843200124646,59.99,Homebrew,,product,product,0
Lactic Acid 88% 4 fl oz,888690061118,4.99,Homebrew,,product,product,0
Lalbrew Abbaye Belgian-Style Ale Yeast,5708046114792,6.99,Homebrew,,product,product,1
Lalbrew Novalager Modern Hybrid Lager Yeast (11g),5708046116659,8.99,Homebrew,,product,product,4
Lalbrew Premium Series American West Coast Ale Yeast Bry-97 11g,5708046114754,6.99,Homebrew,,product,product,1
Lalbrew Verdant IPA Brewing Yeast-11 Grams,5708046115522,5.99,Homebrew,,product,product,2
Lallemand Belgian Wit Dry Ale Yeast 11 g,5708046114730,6.99,Homebrew,,product,product,3
Lallemand CBC-1 Cask and Bottle Conditioning Yeast 11 Gram,5708046114808,6.99,Homebrew,,product,product,5
Lallemand Diamond Lager Yeast,7145179,6.99,Homebrew,,product,product,6
Lallemand Farmhouse Hybrid Saison Brewing Yeast 11 Gram Sachet,5708046116284,6.99,Homebrew,,product,product,0
Lallemand Kveik Voss Ale Yeast,5708046115423,5.99,Homebrew,,product,product,1
Lallemand Lalbrew Premium Series American East Coast Ale Yeast (11 Grams),5708046114822,6.99,Homebrew,,product,product,5
Lallemand Lalbrew Premium Series Koln Kolsch Style Ale Yeast (11 Grams),5708046114815,5.99,Homebrew,,product,product,0
Lallemand Lalbrew Premium Series London English Style Ale Yeast,5708046114686,5.99,Homebrew,,product,product,0
Lallemand Lalbrew Premium Series Nottingham High Performance Ale Yeast,5708046114716,5.99,Homebrew,,product,product,5
Lallemand Lalbrew Premium Series Saison Ale Yeast,5708046114778,5.99,Homebrew,,product,product,0
Lallemand Lalbrew® Premium Series Munich Classic Ale Yeast,835124F,5.99,Homebrew,,product,product,3
Lallemand Pomona Dry Yeast,847571Z,8.49,Homebrew,,product,product,4
Lalvin 71B-1122 Wine Yeast 5 GM,067031000126,1.49,Homebrew,,product,product,14
Lalvin D47 Yeast White and Blush Wines 5G Sachet Homebrew Wine 4.5L-23L,067031000157,1.49,Homebrew,,product,product,4
Lalvin Ec-1118 Champagne / Sparkling Wine Yeast,067031000119,1.49,Homebrew,,product,product,24
Lalvin K1V-1116 Wine Yeast 5 Gram,067031000133,1.49,Homebrew,,product,product,53
Lalvin QA23 Wine Yeast 5 g,7564119,1.49,Homebrew,,product,product,2
Lalvin RC212 Wine Yeast 5 Gram,9389004,1.49,Homebrew,,product,product,0
Lalvin Yeast BM 4 x 4,805526500108,1.49,Homebrew,,product,product,1
Large Mouth Gallon Lid,950124D,0.75,Homebrew,,product,product,50
LD Carlson - Acid Blend 1 lb,165561J,9.99,Homebrew,,product,product,0
LD Carlson 6012A Potassium Metabisulfite 2 oz,888690160125,1.99,Homebrew,,product,product,0
LD Carlson 6106B Calcium Sulphate (Gypsum),888690261068,6.99,Homebrew,,product,product,5
LD Carlson 6368D Yeast Nutrient 10 lb. (B01K2B9U0C),M448619,59.99,Homebrew,,product,product,0
LD Carlson American Oak Chips - Light Toast 1 lb,888690263406,7.99,Homebrew,,product,product,2
LD Carlson Glycerin 4 Oz,B347469,4.99,Homebrew,,product,product,2
LD Carlson Glycerine U.S.P. 32 oz,8 88690 36200 0,17.99,Homebrew,,product,product,0
LD Carlson Lactose (Non-Fermentable Sugar) 1 lb,888690019942,5.99,Homebrew,,product,product,4
LD Carlson Premium Quality Corks 9 X1 3/4 Pack of 30,888690041028,9.99,Homebrew,,product,product,0
LD Carlson Vintner's Best Deluxe Equipment Kit with 6 Gallon Pet Carboy (B07JLCJ4KX),888690230125,119.99,Homebrew,,product,product,1
Lemon Brewers Best Natural Flavoring 4oz,888690337145,5.99,Homebrew,,product,product,0
"Lemon Grass, 2.5 oz.",888690024403,4.79,Homebrew,,product,product,2
Lemon Peel 1oz.,888690024205,2.49,Homebrew,,product,product,1
Lime Brewers Best Natural Flavoring 4oz,888690037038,5.99,Homebrew,,product,product,0
Lime Peel 1oz.,888690024281,2.99,Homebrew,,product,product,3
Liquid Line Cleaner 4 oz,0 91037 06878 1,5.99,Homebrew,,product,product,1
Little DIPA Omega Yeast,258751L,13.49,Homebrew,,product,product,1
Making Homemade Wine: Storey's Country Wisdom Bulletin A-75 (Storey Country Wisdom Bulletin) by Robert Cluett,9780882662893,3.95,Homebrew,,product,product,0
Making the Best Apple Cider,F589477,3.95,Homebrew,,product,product,3
Malic Acid 2oz,888690163201,2.99,Homebrew,,product,product,0
Maltodextrin 8 oz.,888690119956,2.99,Homebrew,,product,product,3
"Maltodextrin, 1 lb",888690219953,4.79,Homebrew,,product,product,1
Maris Otter 55lb Bag,6398948,84.99,Homebrew,,product,product,0
Maris Otter Malt,3003,1.9,Homebrew,,product,product,25
Mark's Keg Washer Keg & Carboy Washer,091037097767,99.95,Homebrew,,product,product,1
"Mash Paddle, Stainless Steel 24in",4450135,14.99,Homebrew,,product,product,0
Melanoidin Malt,3017,0.2,Homebrew,,product,product,708
Metal Carboy Handle,825392012109,9.99,Homebrew,,product,product,3
Metal Spoon 24 inches,825392008003,9.99,Homebrew,,product,product,0
Mexican Cheese Kit,843200146068,24.99,Homebrew,,product,product,1
"Mexican Coffee, Liquor Quick",777155152181,6.0,Homebrew,,product,product,2
Mexican Sprite Glass Bottle,C046355,2.99,Homebrew,,product,product,6
Microbial Rennet Tablets,MRTT,11.99,Homebrew,MICROBIAL RENNET TABLETS FOR CHEESE MAKING -Derived from fun,product,product,3
Midnight Rider Robust Porter by Brewmaster Beer Ingredient Kit Makes 5 Gal,8743269,53.99,Homebrew,,product,product,0
"Mini Auto Siphon 3/8""",825392013014,10.99,Homebrew,,product,product,3
MiniMesh Fermonster Strainer,825392012925,4.99,Homebrew,,product,product,0
Modern Home Winemaking - by Daniel Pambianchi (Paperback),9781550655636,16.99,Homebrew,,product,product,0
Mosaic Cryo Hops (US) 1 oz,840672101090,6.99,Homebrew,,product,product,2
Multigrain Pancake Mix,70015400669,0.0,Homebrew,,product,product,0
Munich I Malt,3005,1.65,Homebrew,,product,product,0
"Muslin Bag, Large",4814600,0.75,Homebrew,,product,product,100
"Muslin Bag, Small",8036239,0.5,Homebrew,,product,product,27
Mustard Kit,843200146075,21.99,Homebrew,,product,product,1
Natural Blood Orange Flavoring Extract 4 oz,7770994,5.99,Homebrew,,product,product,1
Natural Pomegranate Flavoring 4oz,7629370,5.99,Homebrew,,product,product,2
Nectaron Pellet Hops 1 oz,G924352,3.99,Homebrew,,product,product,5
Neutrocork Wine Corks 37mm x 22mm 30ct,N414963,6.99,Homebrew,,product,product,0
New England IPA Brewing Kit w/equipment,BK-NE,54.99,Homebrew,This beer brewing starter kit comes with everything you need,product,product,1
"Niagara, Fruit Wine Base",888690039087,44.99,Homebrew,,product,product,0
Nomacorc 9x1 1/2 30ct,888690040861,9.99,Homebrew,,product,product,100
Nugget Hops 1lb,840672104374,24.99,Homebrew,,product,product,0
Nylon Straining Bag w/ Handles 26.5x32” 600 Micron Brew In A Bag,C267997,14.99,Homebrew,,product,product,6
O-ring set Ball Lock Corny k,653662000187,4.99,Homebrew,,product,product,0
O-ring set for PIN Loc corny,632432759036,3.5,Homebrew,,product,product,0
Omega Yeast Bayern Lager OYL-114,855651008154,10.99,Homebrew,,product,product,0
Omega Yeast Brett Blend #1,F974204,10.99,Homebrew,,product,product,1
Omega Yeast Brett Blend #2,2639299,10.99,Homebrew,,product,product,0
Omega Yeast Brett Blend #3,855651008192,10.99,Homebrew,,product,product,0
Omega Yeast Brettanomyces Claussenii,3809257,10.99,Homebrew,,product,product,0
Omega Yeast German Bock OYL-111,855651008406,10.99,Homebrew,,product,product,0
Omega Yeast German Lager I,855651008420,10.99,Homebrew,,product,product,1
Omega Yeast Hefeweizen Ale Yeast (OYL-021),855651008062,10.99,Homebrew,,product,product,0
Omega Yeast Jovaru Farmhouse,855651008352,10.99,Homebrew,,product,product,0
Omega Yeast Labs DIPA Ale Yeast (OYL-052) 150 ml,855651008116,10.99,Homebrew,,product,product,1
Omega Yeast Labs French Saison (OYL-026),855651008321,10.99,Homebrew,,product,product,1
Omega Yeast Labs Hornindal Kveik Yeast (OYL-091) 150 ml,855651008147,10.99,Homebrew,,product,product,0
Omega Yeast Labs Lutra Kveik Dry Yeast 11g,855651008529,10.49,Homebrew,,product,product,4
Omega Yeast Labs Mexican Lager (OYL-113),855651008376,10.99,Homebrew,,product,product,1
Omega Yeast Labs Scottish Ale (OYL-015),855651008291,10.99,Homebrew,,product,product,0
Omega Yeast Labs Wit (OYL-030),855651008338,10.99,Homebrew,,product,product,0
Omega Yeast Lunar Crush Lager OYL-403,855651008550,10.99,Homebrew,,product,product,1
Omega Yeast Sundew OYL- 401,855651008499,10.99,Homebrew,,product,product,0
Omega Yeast- Tropical IPA OYL-200,855651008161,10.99,Homebrew,,product,product,0
"Omega Yeast, Kolsch II",855651008109,10.99,Homebrew,,product,product,3
On The House 6L Cabernet Sauvignon Wine Making Kit,2270330,79.99,Homebrew,,product,product,0
On The House 6L Pinot Noir Wine Making Ingredient Kit,152955D,79.99,Homebrew,,product,product,0
One Gallon Brewer’s Best® Beer Making Equipment Kit,7309624,49.99,Homebrew,,product,product,0
One Gallon Ferment Lid,414279D,2.99,Homebrew,,product,product,10
One Step 8oz,888690160163,6.99,Homebrew,,product,product,4
One Step No-Rinse Cleanser Sanitizer 5 lb,888690260160,25.99,Homebrew,,product,product,0
Orange Blossom Honey 3lb,843200114067,25.99,Homebrew,,product,product,0
"Orange Golden Brew Kit w/ equipment, 1 gallon",BK-OG,54.99,Homebrew,This beer brewing starter kit comes with everything you need,product,product,1
Pale Ale Malt,594715V,1.5,Homebrew,,product,product,0
"Pale Ale Malt, 50 Lb",913241E,59.99,Homebrew,,product,product,0
Palmetto A-1 Premium Vermiculite 4 cu ft,686557535822,49.99,Homebrew,,product,product,0
Paradise Seeds 2g,888690024113,2.0,Homebrew,,product,product,0
Peach Brewers Best Natural flavoring 4oz,888690337183,5.99,Homebrew,,product,product,1
Pear Natural Fruit Flavoring Extract,360889N,5.99,Homebrew,,product,product,1
Pectic Enzyme 10lb,G764109,101.99,Homebrew,,product,product,0
PEPEROMIA CAPERATA RIPPLE 4-inch,812075021328,9.99,Homebrew,,product,product,0
Peppermint Leaves 1oz.,888690024373,2.6,Homebrew,,product,product,3
"Perlick Faucet, Flow Control",388614P,69.95,Homebrew,,product,product,0
"Perlick Faucet, Seal Forward",C890751,54.95,Homebrew,,product,product,0
Petrol Gel Lubricant,612148432270,6.99,Homebrew,,product,product,1
pH cal. solution 7.0,843200115125,3.99,Homebrew,,product,product,0
PH Calibration Solution 4.0,843200115118,3.99,Homebrew,,product,product,0
"pH Strip 4.6 - 6.2, Beer",K385336,7.99,Homebrew,,product,product,0
Ph Test Strips 2-10,888690054141,7.99,Homebrew,,product,product,1
Phantasm Thiol Boosting Powder 1oz,61585,4.99,Homebrew,,product,product,1
Phosphoric Acid 10% Solution 8oz,888690060081,5.99,Homebrew,,product,product,3
Picnic Faucet with QD,843200114241,15.0,Homebrew,,product,product,0
"Pilsner, American Malt (Montana)",3001,1.5,Homebrew,,product,product,0
Pineapple Brewers Best Natural Flavoring 4oz,888690037625,5.99,Homebrew,,product,product,1
Plastic Champagne Stopper,T012212,1.75,Homebrew,,product,product,21
Plastic Hydrometer Test Kit,PHMK,15.99,Homebrew,"Fermentaholics Hydrometer for Homebrewed Beer, Wine, and Mor",product,product,0
Plums Brewers Best Natural Flavoring 4oz,888690337206,5.99,Homebrew,,product,product,0
Pop’s Pilsner by Brewmaster Beer Ingredient Kit Makes 5 gal,L683553,41.99,Homebrew,,product,product,1
Potassium Bicarbonate 2 oz,888690163591,1.99,Homebrew,,product,product,6
Potassium Sorbate 1 oz,888690163553,2.99,Homebrew,,product,product,2
"Potassium Sorbate, 1lb",888690263550,17.99,Homebrew,,product,product,3
Priming Sugar 1 Ounce,888690098800,0.6,Homebrew,,product,product,3
Private Reserve Lodi,629181083291,184.99,Homebrew,,product,product,1
Proof and Tralle Hydrometer,653662000194,6.99,Homebrew,,product,product,4
Propper Seltzer Nutrient Pack for Hard Seltzers,J785180,5.99,Homebrew,,product,product,8
Propper Starter Can 16oz,855651008345,4.49,Homebrew,,product,product,2
PVC Shrink Capsules Gold 30 Ct,888690145887,3.99,Homebrew,,product,product,1
PVC Shrink Capsules Metallic Green 30 ct,888690145757,3.99,Homebrew,,product,product,0
PVC Shrink Capsules Silver 30 Count silver,519107X,3.99,Homebrew,,product,product,1
PVC Shrink Wraps Black w/Silver Grapes 30 ct,888690145696,3.99,Homebrew,,product,product,0
PVC Shrink Wraps Bronze 30 ct,888690145740,3.99,Homebrew,,product,product,1
PVC Shrink Wraps Matte Green 30 ct,888690145870,3.99,Homebrew,,product,product,1
PVC Shrink Wraps Metallic Red,644096Z,3.99,Homebrew,,product,product,0
PVC Shrink Wraps White 30 ct,C758669,3.99,Homebrew,,product,product,0
"PVC Shrink Wraps, Black w/ Gold Grapes",7148094,0.0,Homebrew,,product,product,2
"PVC Shrink Wraps, Blue w/Gold Grapes",P478237,1.99,Homebrew,,product,product,1
Quick Disconnect Stainless Steel Ball Lock Gas In Barbed,12345098765,16.99,Homebrew,,product,product,7
Quick Disconnect Stainless Steel Ball Lock Liquid Out Barbed,913697V,16.99,Homebrew,,product,product,2
"Racking Cane Bkt. Clip 3/8""",24-4880,0.99,Homebrew,,product,product,9
"Racking Cane 3/8"" Clamp",622711000331,3.99,Homebrew,,product,product,4
Racking Cane Caps,4258524,0.5,Homebrew,,product,product,19
Raspberry Brewers Best Natural Flavoring 4oz,888690037502,5.99,Homebrew,,product,product,1
"Red Wheat Malt, 50 lb",785766G,74.99,Homebrew,,product,product,0
"Red Wheat Malt, Crushed 50 lb",773377K,74.99,Homebrew,,product,product,0
RedX Malt,8745604,0.2,Homebrew,,product,product,0
Refractometer (Brix),1597418,39.99,Homebrew,,product,product,0
Rhubarb Brewers Best Natural flavoring,888690037861,5.99,Homebrew,,product,product,2
Rice Hulls 1 lb,888690118980,3.99,Homebrew,,product,product,0
"Rice Hulls, 1lb Brewmaster",E593931,3.99,Homebrew,,product,product,6
Rice Syrup Solids 1lb,888690119994,7.99,Homebrew,,product,product,2
RJ Spagnols Grand Cru Chamblaise Wine Making Kit,8218295,49.99,Homebrew,,product,product,0
Root beer Cascade,381241R,11.99,Homebrew,,product,product,3
Rose Hips 3oz,888690024120,7.99,Homebrew,,product,product,0
Rubber Airlock Grommet /each,Z782475,0.99,Homebrew,,product,product,22
Rum Distiller's Yeast 72g,9421004736381,6.99,Homebrew,,product,product,0
Safale Be-134 Dry Yeast,A155421,5.99,Homebrew,,product,product,5
"SafAle yeast, BE-256",V317941,7.99,Homebrew,,product,product,4
"SafAle Yeast, K-97",3516668170001,4.99,Homebrew,,product,product,0
"Safale Yeast, S-04",30045477,4.99,Homebrew,,product,product,29
"SafAle Yeast, S-33",3516665420000,3.99,Homebrew,,product,product,3
"SafAle Yeast, T-58",3516665410001,3.99,Homebrew,,product,product,3
"Safale yeast, US-05",30048478,4.99,Homebrew,,product,product,25
"SafAle Yeast, WB-06",3516662960004,5.99,Homebrew,,product,product,3
SafBrew DW-17 All in One zHigh Gravity Yeast 25g,3516664190010,11.99,Homebrew,,product,product,0
"Saflager Yeast, S-189",3516668180000,8.99,Homebrew,,product,product,2
"SafLager Yeast, S-23",30045460,6.99,Homebrew,,product,product,4
"Saflager Yeast, W-34/70",3516663320005,8.99,Homebrew,,product,product,0
Sarsaparilla Extract 2 oz,888690091108,5.99,Homebrew,,product,product,1
Sauerkraut Kit,843200146006,39.99,Homebrew,,product,product,1
"Shank, SS",8906016672120,20.0,Homebrew,,product,product,0
"Shank, SS, 4 1/8""",8906016672144,22.0,Homebrew,,product,product,0
"Shrink Caps, Burgundy",888690145863,3.99,Homebrew,,product,product,0
"Shrink Caps, Dusty Rose",3040424,3.99,Homebrew,,product,product,0
"Shrink Caps, Orange",888690145849,3.99,Homebrew,,product,product,0
Shut Off Clamp Large,E319364,2.5,Homebrew,,product,product,0
"Silicone Airlock, Mason Jar",55029,3.0,Homebrew,,product,product,6
Silicone Fermentation Stretch Lids,FHSL,19.99,Homebrew,Silicone Fermentation Air Lock Stretch Lids PATENT PENDING F,product,product,1
Silver Serphent Imm. Chiller,812075020261,59.99,Homebrew,,product,product,0
Sink Faucet to GH Adapter,825392008102,6.0,Homebrew,,product,product,0
Sodium Hydroxide 4 oz,888690054080,4.99,Homebrew,,product,product,2
Sodium Metabisulphite 2oz.,888690160101,1.99,Homebrew,,product,product,3
Sodium Metabisulphite 8oz,888690260108,3.99,Homebrew,,product,product,0
Solid Universal Stopper (Fits PET Carboy & Fermonster),8826632,1.99,Homebrew,,product,product,11
Spalt Hops 1 oz.,840672100932,2.49,Homebrew,,product,product,0
Sparkolloid Powder 1 oz.,888690163577,2.99,Homebrew,,product,product,10
Spearmint Leaves 1oz.,888690024366,2.5,Homebrew,,product,product,0
Special B Malt,3010,0.22,Homebrew,,product,product,0
"Spigot, Bottling",W347625,4.95,Homebrew,,product,product,0
Spruce Beer Cascade,179016R,11.99,Homebrew,,product,product,2
SS 1.5”Butterfly/Tri-Clamp,9186778,24.95,Homebrew,,product,product,0
"SS 1/2"" x 1/2"" Closed Nipple",632432759081,2.99,Homebrew,,product,product,2
"SS QD x 1/2"" Barb",310388H,16.99,Homebrew,,product,product,6
"SS QD x 1/2"" FPT",192633D,16.99,Homebrew,,product,product,3
"SS QD x 1/2"" MPT",F585763,16.99,Homebrew,,product,product,3
Stainless Steel Hop Tube,123456420691,14.99,Homebrew,,product,product,0
Stainless Steel Racking Cane,825392007907,13.99,Homebrew,,product,product,0
Standard Clamp Crimper,632432759111,9.99,Homebrew,,product,product,1
Star San Sanitizer 4 oz,091037068668,7.99,Homebrew,,product,product,0
Star San Sanitizer 8oz,91037068675,14.99,Homebrew,,product,product,0
Stargate Stout by Brewmaster Beer Ingredient Kit Makes 5 gal,531332F,39.99,Homebrew,,product,product,0
StarSan Sanitizer 16oz,091037068682,24.99,Homebrew,,product,product,0
Sterile Siphon Starter Smooth Neck,843200115729,24.99,Homebrew,,product,product,0
Still Spirits Ceramic Boil Enhancers 30g,9323318009284,4.0,Homebrew,,product,product,2
Still Spirits Pure Turbo Yeast 110g Triple Distilled Quality,768295B,7.99,Homebrew,,product,product,1
Still Spirits Top Shelf Grande Paris Liqueur Essence,9421004731003,7.0,Homebrew,,product,product,1
Still Spirits Top Shelf Hazelnut Liqueur Essence,9421004730433,6.0,Homebrew,,product,product,1
Still Spirits Top Shelf Orange Brandy Liqueur Essence,9421004730471,5.0,Homebrew,,product,product,3
"Stone Pale Ale Brewing Kit w/equipment, 1 gallon",BK-STN,54.99,Homebrew,This beer brewing starter kit comes with everything you need,product,product,1
"Strainer, Mesh, Carboy",825392012932,5.99,Homebrew,,product,product,0
Strawberry Brewers Best Natural Flavoring 4oz,888690337220,5.99,Homebrew,,product,product,0
Strawberry Kiwi Brewers Best Natural Flavoring 4oz,Z011741,5.99,Homebrew,,product,product,0
Super-Kleer Finings (Kieselsol/Chitosan),973640G,3.99,Homebrew,,product,product,0
Supreme Apple Cider Mother of Vinegar,F902141,9.99,Homebrew,,product,product,1
Supreme Malt Mother of Vinegar,T060058,9.99,Homebrew,,product,product,2
Supreme Red Wine Mother of Vinegar (8 oz),2329493,9.99,Homebrew,,product,product,1
Supreme Rice Wine Mother of Vinegar,S658097,9.99,Homebrew,,product,product,1
Supreme White Wine Mother of Vinegar (New & Improved Mother),207621A,9.99,Homebrew,,product,product,1
Sweet Midnight Milk Stout by Brewmaster Beer Ingredient Kit Makes 5 Gal,843200145474,39.99,Homebrew,,product,product,0
Sweet Orange Peel 1oz.,888690024052,2.99,Homebrew,,product,product,1
Swing top gaskets 100ct,888690050006,12.99,Homebrew,,product,product,0
T500 Copper Saddles 100g,9421004733540,14.5,Homebrew,,product,product,0
Talus Hops 1 oz,840672110856,2.79,Homebrew,,product,product,0
"Tap Sanke D, Commercial",9388866606064,34.99,Homebrew,,product,product,1
Tartaric Acid 2oz,888690163607,2.99,Homebrew,,product,product,4
Tasting Corks,5812992,0.49,Homebrew,,product,product,0
Tasting Corks 25 ct,888690042506,14.99,Homebrew,,product,product,0
Textbook of Sake Brewing,7202478,40.0,Homebrew,,product,product,0
The Complete Joy of Homebrewing Fourth Edition: Fully Revised and Updated by Charlie Papazian,N982049,19.99,Homebrew,,product,product,0
The Mix-Stir Plastic,825392004609,19.99,Homebrew,,product,product,0
The Thief,622711000805,7.99,Homebrew,,product,product,0
The Whip degasser,622711000607,10.99,Homebrew,,product,product,0
Thermometer Strip,H189347,2.95,Homebrew,,product,product,5
Tilly’s Irish Red BM Kit,125909N,39.99,Homebrew,,product,product,0
Toasted Coconut Chips 4 oz,888690024441,5.99,Homebrew,,product,product,3
Toddy Cold Brew System,758591011027,55.8,Homebrew,,product,product,1
Tomahawk American IPA 5 gal. Kit,843200145207,39.99,Homebrew,,product,product,0
Tower Mfg-30439005 Single Outlet Adapter,35874200058,19.99,Homebrew,,product,product,2
"Turbo Carbon, 4.93 oz",9323318001585,4.99,Homebrew,,product,product,1
Turbo Yeast Classic (48 hours) 180g,9421025516856,7.99,Homebrew,,product,product,0
Turbo Yeast Fast 205g,9421025516825,7.99,Homebrew,,product,product,1
TurboShine 100g,843200141995,6.49,Homebrew,,product,product,0
TurboShine 1kg,843200141988,28.99,Homebrew,,product,product,0
Twin Bubble Airlock,825392000052,1.99,Homebrew,,product,product,1
Universal Poppet Valve - Draft Beer Parts,8906016678542,0.99,Homebrew,,product,product,7
Valroza 8L wine kit,W326690,99.0,Homebrew,,product,product,0
Vienna Malt,999258M,1.65,Homebrew,,product,product,0
"Vienna Malt, 55 lb",H095699,72.99,Homebrew,,product,product,0
Vintner S Best Pineapple Fruit Wine Base Jug (Makes 5 Gallons),D157934,44.99,Homebrew,,product,product,1
Vintner’ Sulfidex 0.5 oz,819287A,9.99,Homebrew,,product,product,1
Vintner's Best Black Currant Wine Base-128 oz. Jug,648661B,44.99,Homebrew,,product,product,0
Vintner’s Best Dandelion Wine Base 1 gal,3161757,44.99,Homebrew,,product,product,0
Vintner’s Best Deluxe One Gallon Wine Making Equipment Kit,W991478,55.99,Homebrew,,product,product,0
"Vintner's Best Fruit Wine Base, Blueberry",4930126,44.99,Homebrew,,product,product,1
"Vintner's Best Fruit Wine Base, Strawberry",2325802,44.99,Homebrew,,product,product,0
"Vintner’s Best Fruit Wine Base, Watermelon",9973354,44.99,Homebrew,,product,product,1
"Vintner’s Best Lambrusco Fruit Wine Base, 1 gal",284992J,44.99,Homebrew,,product,product,0
Vintner's Best Moscato Fruit Wine Base 1 gal,7977442,44.99,Homebrew,,product,product,0
Vintner’s Best Ph test strips for Wine,888690054189,7.99,Homebrew,,product,product,0
Vintner’s Best Sangria Fruit Wine Base-128 oz. Jug,888690039469,44.99,Homebrew,,product,product,0
"Vintner’s Best Wine Base White Sangria, 1 gal",339738N,44.99,Homebrew,,product,product,0
Vintner's Best Wine Conditioner 1 gal,888690039728,42.99,Homebrew,,product,product,0
Vintners Best BlackBerry Fruit Wine Base 1 gal Jug,888690039049,44.99,Homebrew,,product,product,1
Vintners Best Fruit Wine Base-Cherry,1189149,44.99,Homebrew,,product,product,0
Vintners Best Fruit Wine Base-Peach 1 gal,888690039223,44.99,Homebrew,,product,product,1
"Vintners Best Fruit Wine Base, Apple",2031044,44.99,Homebrew,,product,product,0
"Vintners Best Fruit Wine Base, Apricot",1867443,44.99,Homebrew,,product,product,0
"Vintners Best Fruit Wine Base, Pear",M956675,44.99,Homebrew,,product,product,0
"Vintners Best Fruit Wine Base, Plum",730038F,44.99,Homebrew,,product,product,0
"Vintners Best Fruit Wine Base, Raspberry",932662R,44.99,Homebrew,,product,product,0
"Vintners Best Hibiscus Wine Base, 1 gal",1745330,44.99,Homebrew,,product,product,1
"Vintners Best Pomegranate Wine Base, 1 gal",J731056,44.99,Homebrew,,product,product,0
Vintners concord,366448C,42.99,Homebrew,,product,product,0
Viva La Chela! Mexican Lager by Brewmaster Beer Ingredient Kit Makes 5 Gal,578966D,34.99,Homebrew,,product,product,1
Watermelon Brewers Best Natural Flavoring 4oz,888690337244,5.99,Homebrew,,product,product,0
Weldless SS Spigot,T121219,34.99,Homebrew,,product,product,0
West Coast I + Omega Yeast,571595A,13.49,Homebrew,,product,product,0
"Wheat, Red Malt",7867001,1.7,Homebrew,,product,product,2
"Wheat, White Malt",3008,1.5,Homebrew,,product,product,0
"Whirlfloc Tabs, 10ct",843200103900,3.99,Homebrew,,product,product,3
White Labs Clarity Ferm. 10ml,812075020018,4.99,Homebrew,,product,product,4
White Labs Edinburgh Scottish Ale WLP 028 Pure Pith Yeast,910448F,15.99,Homebrew,,product,product,0
White Labs Hefeweizen Ale WLP300 Pure Pitch Yeast,S175652,15.99,Homebrew,,product,product,0
White Labs WLP008 East Coast Ale Yeast,G550875,15.99,Homebrew,,product,product,0
White Labs WLP066 Dry London Fog Ale Yeast Homebrew,K537990,10.49,Homebrew,,product,product,1
White Labs WLP090 San Diego Super Ale Pure Pitch Yeast,417999Z,15.99,Homebrew,,product,product,0
White Labs WLP810 San Francisco Lager Pure Pitch Yeast,Q771733,15.99,Homebrew,,product,product,0
White Lbs Düsseldorf Alt WLP036 Pure-pitch yeast,812075023286,15.99,Homebrew,,product,product,1
"White Wheat Malt, Crushed, 50 lb",6235292,59.5,Homebrew,,product,product,0
Wild Brews: Beer Beyond the Influence of Brewer's Yeast by Jeff Sparrow,594894T,17.95,Homebrew,,product,product,1
Willamette Pellet Hops 1 oz,D091465,2.99,Homebrew,,product,product,3
Wine Bottle Brush,T652089,4.99,Homebrew,,product,product,8
"Wine Bottles, Simply White, 30 ct",888690043909,3.99,Homebrew,,product,product,0
Wine Conditioner 500ml,2918109389,8.99,Homebrew,,product,product,4
"Wine corks 8x1 3/4, 25 ct",206564P,6.99,Homebrew,,product,product,1
Wine Labels (Blood Orange Sangria) 30 Pack,888690041905,3.99,Homebrew,,product,product,0
Wine Making Kits,WK-CAB,71.5,Homebrew,You don’t have to be a master vintner to create the perfect,product,product,1
Wine Making Kits,WK-CHA,71.5,Homebrew,You don’t have to be a master vintner to create the perfect,product,product,2
Wine Making Kits,WK-MER,71.5,Homebrew,You don’t have to be a master vintner to create the perfect,product,product,2
Wine Making Kits,WK-MOS,71.5,Homebrew,You don’t have to be a master vintner to create the perfect,product,product,2
Wine Tannin 1 oz,888690063006,2.99,Homebrew,,product,product,5
Wine Thief,509765V,4.99,Homebrew,,product,product,0
Wine Transfer Pump,825392009703,179.95,Homebrew,,product,product,1
Winemakers recipe book,75643546,4.99,Homebrew,,product,product,1
WineXpert Classic 30 Bottle Italy Pinot Grigio,689062X,94.99,Homebrew,,product,product,1
WineXpert Classic Washington Riesling Wine Ingredient Kit,943244K,94.99,Homebrew,,product,product,1
Wolf Moon Wit Premium Wheat Beer Extract Ingredient Kit BMKIT118,5501723,42.99,Homebrew,,product,product,0
Wood & Beer : A Brewer's Guide (Paperback),7922946,19.95,Homebrew,,product,product,1
Wort Chiller 25ft w brass fit.,195157,74.99,Homebrew,,product,product,0
Wyeast Brett. Brux. Yeast,812075020087,17.99,Homebrew,,product,product,1
"Yakima Chief CryoHops Amarillo, 1 oz",1231605,5.99,Homebrew,,product,product,1
Yakima Valley Hops 1/2lb Citra,804373Z,13.99,Homebrew,,product,product,0
Yakima Valley Hops 2 oz Misc.,H879754,4.49,Homebrew,,product,product,0
"Yeast Energizer, 1 oz",888690163652,2.99,Homebrew,,product,product,2
"Yeast energizer, 1lb",888690263659,13.99,Homebrew,,product,product,1
Yeast Nutrient 1 lb,888690363687,8.99,Homebrew,,product,product,2
Yeast Nutrient 2oz,8 88690 163683,2.49,Homebrew,,product,product,2
Yeast Nutrient 8 oz,888690263680,4.99,Homebrew,,product,product,3
"Yeast, Cuvée Red Star 500g",398704E,29.99,Homebrew,,product,product,1
"Yeast, Distiller's Whiskey 72g",9421004736374,5.99,Homebrew,,product,product,0
"Yeast, Omega American Wheat OYL- 002",855651008246,10.99,Homebrew,,product,product,1
"Yeast, Omega Bananza OYL-400",855651008482,10.99,Homebrew,,product,product,0
"Yeast, Omega Belgian A",855651008079,10.99,Homebrew,,product,product,0
"Yeast, Omega Belgian Saison II OYL-042",855651008093,10.99,Homebrew,,product,product,0
"Yeast, Omega British Ale 5",855651008048,10.99,Homebrew,,product,product,0
"Yeast, Omega British VIII (Extra Special)",855651008055,10.99,Homebrew,,product,product,0
"Yeast, Omega Cosmic Punch",855651008543,11.99,Homebrew,,product,product,0
"Yeast, Omega Espe Kveik OYL-090",855651008451,10.99,Homebrew,,product,product,0
"Yeast, Omega Gulo Ale OYL-501",855651008369,10.99,Homebrew,,product,product,0
"Yeast, Omega Helio Gazer Ale",855651008567,10.99,Homebrew,,product,product,0
"Yeast, Omega Oktoberfest",855651008390,10.99,Homebrew,,product,product,0
"Yeast, Omega Pacific NW Ale OYL-012",855651008277,10.49,Homebrew,,product,product,0
"Yeast, Omega Pilsner I OYL-101",855651008413,10.99,Homebrew,,product,product,0
"Yeast, Omega Saisonstein",855651008222,10.99,Homebrew,,product,product,0
"Yeast, Omega West Coast Ale I OYL-004",855651008024,10.99,Homebrew,,product,product,0
"Yeast, Omega West Coast Ale II",855651008260,10.99,Homebrew,,product,product,0
"Yeast, Omega, British I",855651008031,10.49,Homebrew,,product,product,0
"Yeast, Omega, Irish Ale",855651008017,10.49,Homebrew,,product,product,0
"Yeast, Red Star Premier Classique 5g",502619Z,1.49,Homebrew,,product,product,21
"Yeast, Red Star Premier Cote Des Blanc 5g",126063L,1.49,Homebrew,,product,product,13
"Yeast, Red Star Premier Cuvee 5g",K661351,1.49,Homebrew,,product,product,2
"Yeast, Red Star Premier Rouge 5g",G127050,1.49,Homebrew,,product,product,11
"Yeast, Red Star Premiere Blanc 5g",216206W,1.49,Homebrew,,product,product,37
